admin,admin,admin,A,1,2,3,0
hengky,hengky,hengky,U,1,2,3,2
ryan,ryan,ryan,U,4,5,3,0
abc,abc,abc,U,1,2,3,0
bobi,bobi,bobi,U,1,2,3,1
boby,boby,boby,U,1,2,3,0
niko,niko,niko,U,1,2,3,0
robert,reden,123,U,1,2,3,0
